bulbes,https://www.jardineriekoeman.fr/db/products/1558518859Aquilegia_Nora_Barlow.jpg,b01,Ancolie,3.99€,80,1,
bulbes,https://img-4.linternaute.com/YWzFrjDke7v4vCntPamJfUilz4M=/800x/smart/0ce12b9107d74a8da1792a64e474a1b1/ccmcms-linternaute/11032227.jpg,b02,Renoncules,6.99€,100,1,
bulbes,https://www.ernest-turc.com/boutique/wp-content/uploads/2021/01/renoncule-orange.jpg,b03,Renoncule Oranges,3.99€,100,1,
bulbes,https://www.jacques-briant.fr/4740-large_default/anemones-simples-de-caen.jpg,b04,Anémones de Caen,6.99€,100,1,
bulbes,https://www.jardiner-malin.fr/wp-content/uploads/2020/03/rose-tremiere-ile-de-re.jpg,b05,Rose Trémière,1.49€,95,1,
bulbes,https://jardinerfacile.fr/wp-content/uploads/2019/04/dahlia-3731296_1920.jpg,b06,Dahlia pompon,4.99€,100,1,
massif,https://www.willemsefrance.fr/Files/126284/Img/02/005075-Massif-de-50-plantes-vivaces-assorties-Superficie-environ_1x800.jpg,m01,Massif de 50 plantes vivaces assorties,59.99€,100,1,
massif,https://www.willemsefrance.fr/Files/126284/Img/20/005128-5-Lupins-Russell-en-melange-Extra_1x800.jpg,m02,5 Lupins Russell en mélange,3.49€,100,1,
massif,https://www.willemsefrance.fr/Files/126284/Img/11/005843-5-Ancolies-Mac-Kana-en-melange_1x800.jpg,m03,5 Ancolies Mac Kana en mélange,3.49€,100,1,
massif,https://www.willemsefrance.fr/Files/126284/Img/03/005307-5-Delphiniums-Ciel-Bleu_1x800.jpg,m04,5 Delphiniums Ciel Bleu,15.99€,100,1,
massif,https://www.willemsefrance.fr/Files/126284/Img/21/005887-3-Oeils-de-jeune-fille_1x800.jpg,m05,3 Oeils de jeune fille,10.99€,100,1,
massif,https://www.willemsefrance.fr/Files/126284/Img/18/020030-2-Molenes-en-melange_1x800.jpg,m06,2 Molenes en melange,9.99€,100,1,
rosiers,https://www.georgesdelbard.com/pub/catalog/inspiration_jardin/jardin_des_sens/fleurs_a_bouquets/.rosier_chrysler_imperial_m.jpg,r01,Rosier Chrysler Impérial,11.99€,100,1,
rosiers,https://www.georgesdelbard.com/pub/catalog/inspiration_jardin/jardin_des_sens/fleurs_a_bouquets/.rosier_golden_delight_m.jpg,r02,Rosier Golden Delight,11.99€,100,1,
rosiers,https://www.georgesdelbard.com/pub/catalog/inspiration_jardin/jardins_de_couleurs/jardin_rose/.rosier_kimono_m.jpg,r03,Rosier Kimono,11.99€,100,1,
rosiers,https://www.georgesdelbard.com/pub/catalog/inspiration_jardin/jardin_des_sens/fleurs_a_bouquets/.rosier_iceberg_m.jpg,r04,Rosier Iceberg,10.99€,100,1,
rosiers,https://www.georgesdelbard.com/pub/catalog/inspiration_jardin/jardin_des_sens/fleurs_a_bouquets/.rosier_orange_sensation_m.jpg,r05,Rosier Orange Sensation,10.99€,100,1,
rosiers,https://www.georgesdelbard.com/pub/catalog/inspiration_jardin/jardin_des_sens/fleurs_a_bouquets/.rosier_queen_elisabeth_m.jpg,r06,Rosier Queen Elisabeth,9.99€,100,1,